{"1": {"bup": [0.1472738408545808, 6.438952519247404, 0.4386662714261028, 5.02877348927156], "tcp": [1.1689378151513357, 152.96089441380994, 0.39699628156338085, 42.60711564729172], "crp": [0.0036704365599682137, 0.2905491099899944, 0.07980864043254672, 0.9288599965790248], "cep": [0.0036818531564973313, 0.7954936571804885, 0.22687112887721506, 0.348320460109802], "appsi": [0.5625914728231811, 52.60608410693606, 0.28080185849236894, 33.10837210115156], "amp": [-0.0031196630386119847, 4.2278952662808535, -0.141260011650565, 0.34526942872552957], "ghp": [0.01998803564412821, 4.4185512570249355, 0.2895090106596036, 1.2285130192513032], "cmvod": [0.020421535997786264, 0.9590734879551726, 0.268059316434048, 1.0010175864690836], "fev": [-31.867163314099056, 4144.613119244976, -0.7000279683620457, 490.53748717280513], "sbp": [0.8125177118467073, 82.1139081467739, 0.6263018307825533, 17.171205396432473], "fvc": [-32.53343378496479, 4890.441162991538, -0.6340424728674429, 617.2846697075405]}, "0": {"bup": [0.10594498392170754, 10.493168258054201, 0.29925080218822103, 5.354252566442036], "tcp": [0.321535050006516, 192.73661523132458, 0.11524479867524644, 41.854469113914654], "crp": [0.00613270280907179, 0.06779237302140911, 0.16421818513869138, 0.7493659443012152], "cep": [0.004054306614759319, 0.9925524259366559, 0.21369438859266557, 0.39632150352572343], "appsi": [0.31093310730513285, 68.98948385150793, 0.14459609766054204, 34.4864818784329], "amp": [-0.007663196902972658, 4.6192620263314454, -0.32348434199666437, 0.3371146684071328], "ghp": [0.015287945663640563, 4.730272412705719, 0.23671246277018998, 1.13853822296566], "cmvod": [0.024113647972826172, 0.47549464762662774, 0.29430749996644323, 1.056799433505774], "fev": [-40.840106957180446, 5553.544848780901, -0.6459430791679008, 680.3924298959984], "sbp": [0.5275768594451432, 100.56171453390051, 0.46862519469623654, 16.049326845959662], "fvc": [-37.48544086952379, 6530.000484484949, -0.5352762227762091, 858.0990958798994]}}